sequence,level,type,identifier,name,datatype,multiplicity,domain_name,definition,module,table,class_term,id,path,semantic_path,abbreviation_path,label_local,definition_local,element,xpath
1,1,C,,Accounting Entries,,1..*,,Root for XBRL GL. No entry made here.,gl-cor,,xBRL,,,$.Accounting Entries,AccntgEntrs,【会計仕訳】,XBRL GLのルート要素。 この要素にはデータは登録されない。,gl-cor:accountingEntries,/xbrli:xbrl/gl-cor:accountingEntries
1,2,C,,Document Information,,1..1,,Parent for descriptive information about the accountingEntries section in which it is contained.,gl-cor,,Document Information,,,$.Accounting Entries.Document Information,AccntgEntrs_DocmntInfrmn,【文書情報】,この会計仕訳に関する情報の親タグ。,gl-cor:documentInfo,/xbrli:xbrl/gl-cor:accountingEntries/gl-cor:documentInfo
2,3,A,,Document Type,xbrli:tokenItemType,1..1,,"account: information to fill in a chart of accounts file.  
balance: the results of accumulation of a complete and validated list of entries for an account (or a list of account) in a specific period - sometimes called general ledger  
entries: a list of individual accounting entries, which might be posted/validated or nonposted/validated   
journal: a self-balancing (Dr = Cr) list of entries for a specific period including beginning balance for that period.  
ledger: a complete list of entries for a specific account (or list of accounts) for a specific period; note - debits do not have to equal credits.   
assets: a listing of open receivables, payables, inventory, fixed assets or other information that can be extracted from but are not necessarily included as part of a journal entry.  
trialBalance: the self-balancing (Dr = Cr) result of accumulation of a complete and validated list of entries for the entity in a complete list of accounts in a specific period. 
taxtables: aids automated interpretation of instances that represent tax tables; Tax table are defined by using multiple [taxes] structures to gather the population of codes, authorities and rates; through [taxTableCode] cross-references in the [taxes] structure, these ""master file"" tax tables can be referenced. 
mapping: a collection of mappings between interrelated data sets, such as a local and related corporate standard chart of accounts or detail data mapped to summarized end reporting concepts.   
versioning: a collection of changes between two versions of the same class of information, such as updates to a master file like a chart of accounts.   
master_file: a collection of master files, such as the customer or inventory master file.   
trade_documents: a collection of trade/transactional documents, such as vendor invoices or customer orders.   
profile_compliant: the meaning of this collection of information can be determined by understanding an established profile and especially an XBRL GL Profile. Profiles are determined through namespace declarations, schemaRef and conventions of those profiles.   
other: for all other types of representations.

Often sorted by date or by account, these terms have specific, and sometimes different, meanings in different areas. Common practice will drive accounting method/term matches.",gl-cor,,Document Information,,,$.Accounting Entries.Document Information.Document Type,AccntgEntrs_DocmntInfrmn_DocmntType,文書種別,"・科目:科目体系ファイルの情報。 ・残高:特定の期間について、勘定科目(または勘定科目リスト)の、完了し検証された仕訳リストの累算結果。時に総勘定元帳と呼ばれる。 ・仕訳:個々の勘定記入のリスト。転記/検証されていることもあり、されていないこともある。 ・仕訳帳:特定の期間における、その期間の開始残高を含む貸借が一致(Dr=Cr)した仕訳のリスト 。 ・元帳:特定の期間における特定の勘定科目(または勘定科目リスト)についての、仕訳の全リスト 。注意－貸借が一致する必要はない。 ・資産:仕訳記入の一部として必ずしも含まれていないが、そこから抽出可能な売掛金、買掛金、在庫、固定資産、その他の情報のリスト。 ・試算表:事業体に対する、特定期間の全勘定科目リストでの、完了し検証された仕訳リストの、貸借が一致（Dr=Cr)した累算結果。 ・税率表:税率表をあらわすデータを自動的に解釈できるようにする。税率表は、コード、税務当局情報、レートをあらわす複数のtaxes構造データを使って定義される。taxTableCodeはtaxes構造データ内で相互に参照されるが、これらのマスタファイルが参照可能。 ・マッピング情報:互いに関係があるデータセットの間の対応関係を集めたもの。例えば、企業グループ内の各会社で使用する勘定科目と全社勘定科目との対応付け、または明細データと最終的な報告書上の要約された科目への対応付け。 ・差分情報:同じクラス（種類）で異なるバージョンを持つ項目の変更・差分情報。例えば、勘定科目一覧のようなマスタファイルの特定科目の更新情報など。  ・マスターファイル:マスタファイルの一覧。例えば、顧客マスタ又は在庫/棚卸マスタなど。  ・取引伝票:取引に用いる情報の集合。例えば、納入業者からのインボイス 又は顧客からの受注情報など。  ・プロファイル情報:確立された文書説明情報及び特にXBRL GLプロファイルを理解し決定するこの情報の集合の意味を示す。説明情報は、名前空間宣言、スキーマ参照及びこれらの規約を通して決定する。  ・その他：その他のすべての表現形式  多くの場合、日付または科目によりソートされる。会計処理方法や用語は慣行により適合させる。 [設定値のリスト] (account：科目)、(balance：残高)、(entries：仕訳)、(journal：仕訳帳)、(ledger：元帳)、(assets：資産)、(trialbalance：試算表)、(taxtables：税率表)、(other：その他)、(Mapping：マッピング情報)、(versioning：差分情報)、(master_file：マスターファイル)、(trade_documents：取引伝票)、(profile_compliant：プロファイル情報)、(other：その他)",gl-cor:entriesType,/xbrli:xbrl/gl-cor:accountingEntries/gl-cor:documentInfo/gl-cor:entriesType
3,3,A,,Audit Number,xbrli:stringItemType,0..1,,Unique identifier for this file.,gl-cor,,Document Information,,,$.Accounting Entries.Document Information.Audit Number,AccntgEntrs_DocmntInfrmn_AdtNumbr,監査番号,このファイルの一意識別子。,gl-cor:uniqueID,/xbrli:xbrl/gl-cor:accountingEntries/gl-cor:documentInfo/gl-cor:uniqueID
4,3,A,,Revises Audit Number,xbrli:stringItemType,0..1,,"If this batch of information revises a previous batch of information, this field identifies the previous batch that is being revised. 'uniqueID' of the previous batch goes here. Developers should consider exception reporting.",gl-cor,,Document Information,,,$.Accounting Entries.Document Information.Revises Audit Number,AccntgEntrs_DocmntInfrmn_RevssAdtNumbr,改訂前監査番号,この仕訳の束が以前の仕訳の束を改訂する場合に、以前の束を示す。元の文書のuniqueIDが指定される。開発者は、例外報告を考慮すべきである。,gl-cor:revisesUniqueID,/xbrli:xbrl/gl-cor:accountingEntries/gl-cor:documentInfo/gl-cor:revisesUniqueID
5,3,A,,Action to Take with Previous Data,xbrli:tokenItemType,0..1,,Provides guidance on action to take with previous set of data: supersedes - old data should be considered as obsolete/overwritten; supplements - belongs with that data as if it was included with it.,gl-cor,,Document Information,,,$.Accounting Entries.Document Information.Action to Take with Previous Data,AccntgEntrs_DocmntInfrmn_ActnTakPrevsDat,改訂前データ処置,"以前のデータの束に対する操作のガイダンス。 取替え-古いデータを無効にし上書きする。
補完-元々含まれていたかのように、そのデータに所属させる。
[設定値のリスト]
(supplement：補完)、(supersede：取替え)",gl-cor:revisesUniqueIDAction,/xbrli:xbrl/gl-cor:accountingEntries/gl-cor:documentInfo/gl-cor:revisesUniqueIDAction
6,3,A,,Language,xbrli:QNameItemType,0..1,,"Primary language of the intellectual content. Where practical, the content of this field should coincide with ISO 639-1988 language codes.",gl-cor,,Document Information,,,$.Accounting Entries.Document Information.Language,AccntgEntrs_DocmntInfrmn_Langg,言語,主要言語。 実用的には、このフィールドの内容はISO639-1988言語コードに一致すべきである。,gl-cor:language,/xbrli:xbrl/gl-cor:accountingEntries/gl-cor:documentInfo/gl-cor:language
7,3,A,,Creation Date,xbrli:dateTimeItemType,0..1,,Date/time file was created.,gl-cor,,Document Information,,,$.Accounting Entries.Document Information.Creation Date,AccntgEntrs_DocmntInfrmn_CretnDat,作成日付,ファイルが作成された日付/時間。,gl-cor:creationDate,/xbrli:xbrl/gl-cor:accountingEntries/gl-cor:documentInfo/gl-cor:creationDate
8,3,A,,Document Comment,xbrli:stringItemType,0..1,,Text for entire document.,gl-cor,,Document Information,,,$.Accounting Entries.Document Information.Document Comment,AccntgEntrs_DocmntInfrmn_DocmntCommnt,文書コメント,文書全体に対する説明文。,gl-cor:entriesComment,/xbrli:xbrl/gl-cor:accountingEntries/gl-cor:documentInfo/gl-cor:entriesComment
9,3,A,,Period Covered Start,xbrli:dateTimeItemType,0..1,,"Start of date range for contents. Used as basis for many assumptions about data, including the date as of which open balances are open.",gl-cor,,Document Information,,,$.Accounting Entries.Document Information.Period Covered Start,AccntgEntrs_DocmntInfrmn_PerdCovrdStart,対象期間開始日付,内容の日付範囲の開始日。 残高の開始日付などの、データに関する多くの仮定の基礎として使用される。,gl-cor:periodCoveredStart,/xbrli:xbrl/gl-cor:accountingEntries/gl-cor:documentInfo/gl-cor:periodCoveredStart
10,3,A,,Period Covered End,xbrli:dateTimeItemType,0..1,,"End of date range for contents. Used as basis for many assumptions about data, including the date as of which open balances are open.",gl-cor,,Document Information,,,$.Accounting Entries.Document Information.Period Covered End,AccntgEntrs_DocmntInfrmn_PerdCovrdEnd,対象期間終了日付,内容の日付範囲の終了日。 残高の開始日付などの、データに関する多くの仮定の基礎として使用される。,gl-cor:periodCoveredEnd,/xbrli:xbrl/gl-cor:accountingEntries/gl-cor:documentInfo/gl-cor:periodCoveredEnd
11,2,C,,Entity Information section,,0..1,,Holder for entity information - information about the reporting organization.,gl-cor,,Entity Information section,,,$.Accounting Entries.Entity Information section,AccntgEntrs_EnttyInfrmnSectn,【事業体情報】,事業体情報（報告組織に関する情報）の入れ物。,gl-cor:entityInformation,/xbrli:xbrl/gl-cor:accountingEntries/gl-cor:entityInformation
12,2,C,,Entry Information,,0..*,,Parent for entry headers/journal entry headers.,gl-cor,,Entry Information,,,$.Accounting Entries.Entry Information,AccntgEntrs_EntryInfrmn,【仕訳情報】,エントリヘッダー/仕訳記入ヘッダーの親タグ。,gl-cor:entryHeader,/xbrli:xbrl/gl-cor:accountingEntries/gl-cor:entryHeader
13,3,A,,Date Posted,xbrli:dateTimeItemType,0..1,,Date this entry was posted (validated) to the general ledger. May not represent the date of accounting significance which is represented by 'postingDate'.,gl-cor,,Entry Information,,,$.Accounting Entries.Entry Information.Date Posted,AccntgEntrs_EntryInfrmn_DatPostd,転記済日付,この仕訳が総勘定元帳に転記された(検証された)日付。 postingDateで示されるような会計上意味のある日付を表さないかもしれない。,gl-cor:postedDate,/xbrli:xbrl/gl-cor:accountingEntries/gl-cor:entryHeader/gl-cor:postedDate
14,3,A,,Entry Creator,xbrli:stringItemType,0..1,,Initials/name of operator originally entering.,gl-cor,,Entry Information,,,$.Accounting Entries.Entry Information.Entry Creator,AccntgEntrs_EntryInfrmn_EntryCretr,仕訳作成者,最初に入力したオペレータのイニシャル/名前。,gl-cor:enteredBy,/xbrli:xbrl/gl-cor:accountingEntries/gl-cor:entryHeader/gl-cor:enteredBy
15,3,A,,Entry Date,xbrli:dateTimeItemType,0..1,,"Represents the actual date/time of entry into computer (automated from system date, often misrepresented by changing system clock). Posting dates are maintained separately.",gl-cor,,Entry Information,,,$.Accounting Entries.Entry Information.Entry Date,AccntgEntrs_EntryInfrmn_EntryDat,入力日付,コンピュータへ入力した実際の日付/時刻(システム日付から自動的に与えられ、システム時計の変更により、しばしば誤った値になる)を示す。 転記日付とは別に管理される。,gl-cor:enteredDate,/xbrli:xbrl/gl-cor:accountingEntries/gl-cor:entryHeader/gl-cor:enteredDate
16,3,A,,Source Journal,xbrli:tokenItemType,0..1,,"Source journal. The code of the journal in which the entry is processed. The code must be a unique indication for a journal and is selected from the following enumerated list:

cd      cash disbursements (sending cheques to vendors)
cr      cash receipts (receiving cheques from others)
fa      fixed assets
gi      giro/other bank adjustments
gj      general journal
im      inventory management
jc      job cost
pj      purchase journal (liabilities from purchases)
pl      payroll journal
sj      sales journal
se      standard entries
ud      user defined
ot      other sources of entries",gl-cor,,Entry Information,,,$.Accounting Entries.Entry Information.Source Journal,AccntgEntrs_EntryInfrmn_SorcJornl,元仕訳帳種別,"元仕訳帳。仕訳が処理される仕訳帳のコード。コードは仕訳帳に一意な指標であり、以下から選択する。
出金(仕入先への小切手送付)、入金(他者からの小切手受領)、固定資産、振替、一般仕訳帳、在庫管理、個別原価、仕入帳(仕入による負債)、賃金台帳、売上台帳、通常仕訳、ユーザ定義、その他
[設定値のリスト]
(cd：出金)、(cr：入金)、(fa：固定資産)、(gi：振替)、(gj：一般仕訳帳)、(im：在庫管理)、(jc：個別原価)、(pj：仕入帳)、(pl：賃金台帳)、(sj：売上台帳)、(se：通常仕訳)、(ud：ユーザ定義)、(ot：その他)",gl-cor:sourceJournalID,/xbrli:xbrl/gl-cor:accountingEntries/gl-cor:entryHeader/gl-cor:sourceJournalID
17,3,A,,Type Identifier,xbrli:tokenItemType,0..1,,"One of the following enumerated list: adjusting, budget, comparative, external-accountant, standard, passed-adjusting, eliminating, proposed, recurring, reclassifying, simulated, tax, other",gl-cor,,Entry Information,,,$.Accounting Entries.Entry Information.Type Identifier,AccntgEntrs_EntryInfrmn_TypeIdntfr,種別識別子,"以下の値のうちのひとつ。
整理、予算、比較、外部会計事務所、通常、無視、消去、提案、反復、組替、シミュレーション、税、その他
[設定値のリスト]
(adjusting：整理)、(budget：予算)、(comparative：比較)、(external-accountant：外部会計事務所)、(standard：通常)、(passed-adjusting：無視)、(eliminating：消去)、(proposed：提案)、(recurring：反復)、(reclassifying：組替)、(simulated：シミュレーション)、(tax：税)、(other：その他)",gl-cor:entryType,/xbrli:xbrl/gl-cor:accountingEntries/gl-cor:entryHeader/gl-cor:entryType
18,3,A,,Entry Identifier,xbrli:stringItemType,0..1,,Identifier within source journal,gl-cor,,Entry Information,,,$.Accounting Entries.Entry Information.Entry Identifier,AccntgEntrs_EntryInfrmn_EntryIdntfr,仕訳識別子,元仕訳帳中の識別子。,gl-cor:entryNumber,/xbrli:xbrl/gl-cor:accountingEntries/gl-cor:entryHeader/gl-cor:entryNumber
19,3,A,,Entry Description,xbrli:stringItemType,0..1,,Description of entry described by this entry header (e.g. Opening Balance),gl-cor,,Entry Information,,,$.Accounting Entries.Entry Information.Entry Description,AccntgEntrs_EntryInfrmn_EntryDescrptn,仕訳説明,このエントリヘッダーによって説明された仕訳の説明(例えば、期首残高),gl-cor:entryComment,/xbrli:xbrl/gl-cor:accountingEntries/gl-cor:entryHeader/gl-cor:entryComment
20,3,A,,Entry Qualifier,xbrli:tokenItemType,0..1,,"Entry Qualifier - An enumerated field that qualifies the type of entry, specifically useful for general ledger and trial balance environments when it is important to state the values represented are summarized as of the reporting date - opening or closing balances. In accounting systems, this is often known as BBF (balance brought forward.) Permitted values are: standard, balance-brought-forward and other.",gl-cor,,Entry Information,,,$.Accounting Entries.Entry Information.Entry Qualifier,AccntgEntrs_EntryInfrmn_EntryQulfr,仕訳修飾子,"仕訳の修飾子。総勘定元帳や試算表で、開始残高や決算残高のように、記された値が報告日で集約されていることを明示することが重要なときに有用な、仕訳の種別を修飾するもの。会計システムにおいて、BBF（繰越残高）として知られるもの。指定可能な値は以下。標準、繰越残高、その他
[設定値のリスト]
(standard：標準)、(balance-brought-forward：繰越残高)、(other：その他)",gl-cor:qualifierEntry,/xbrli:xbrl/gl-cor:accountingEntries/gl-cor:entryHeader/gl-cor:qualifierEntry
21,3,A,,Entry Qualifier Description,xbrli:stringItemType,0..1,,Free format description of the entry qualifier,gl-cor,,Entry Information,,,$.Accounting Entries.Entry Information.Entry Qualifier Description,AccntgEntrs_EntryInfrmn_EntryQulfrDescrptn,仕訳修飾子説明,仕訳の修飾子の説明。,gl-cor:qualifierEntryDescription,/xbrli:xbrl/gl-cor:accountingEntries/gl-cor:entryHeader/gl-cor:qualifierEntryDescription
22,3,A,,Type of Difference Between Book and Tax,xbrli:tokenItemType,0..1,,"Enumerated field with possible values of permanent, temporary or none indicating the type of difference between book and tax accounting methods. Omission of this field is equivalent to ""none""",gl-cor,,Entry Information,,,$.Accounting Entries.Entry Information.Type of Difference Between Book and Tax,AccntgEntrs_EntryInfrmn_TypeDiffrncBetwnBokAndTax,帳簿価税務簿価差異種別,"帳簿と税務会計処理方法との差異の種別を示す値。永久か一時的かまたは無し。値の省略時は「無し」と同じ。
[設定値のリスト]
(permanent：永久)、(temporary：一時的)、(none：無し)",gl-cor:bookTaxDifference,/xbrli:xbrl/gl-cor:accountingEntries/gl-cor:entryHeader/gl-cor:bookTaxDifference
23,3,A,,Entry Number Counter,xbrli:decimalItemType,0..1,,Unique reference for the entry - a numeric counter,gl-cor,,Entry Information,,,$.Accounting Entries.Entry Information.Entry Number Counter,AccntgEntrs_EntryInfrmn_EntryNumbrContr,仕訳番号カウンタ,仕訳の一意なリファレンス　　カウンタ,gl-cor:entryNumberCounter,/xbrli:xbrl/gl-cor:accountingEntries/gl-cor:entryHeader/gl-cor:entryNumberCounter
24,3,C,,Entry Detail,,0..*,,Parent for entry detail,gl-cor,,Entry Detail,,,$.Accounting Entries.Entry Information.Entry Detail,AccntgEntrs_EntryInfrmn_EntryDetl,【仕訳明細】,仕訳明細の親タグ。,gl-cor:entryDetail,/xbrli:xbrl/gl-cor:accountingEntries/gl-cor:entryHeader/gl-cor:entryDetail
25,4,A,,Line Number,xbrli:stringItemType,0..1,,Identifier for a particular entry detail,gl-cor,,Entry Detail,,,$.Accounting Entries.Entry Information.Entry Detail.Line Number,AccntgEntrs_EntryInfrmn_EntryDetl_LinNumbr,明細行番号,仕訳明細の識別子。,gl-cor:lineNumber,/xbrli:xbrl/gl-cor:accountingEntries/gl-cor:entryHeader/gl-cor:entryDetail/gl-cor:lineNumber
26,4,A,,Line Number Counter,xbrli:decimalItemType,0..1,,Unique reference for the line - a numeric counter,gl-cor,,Entry Detail,,,$.Accounting Entries.Entry Information.Entry Detail.Line Number Counter,AccntgEntrs_EntryInfrmn_EntryDetl_LinNumbrContr,明細行番号カウンタ,明細行の一意なリファレンス　　カウンタ,gl-cor:lineNumberCounter,/xbrli:xbrl/gl-cor:accountingEntries/gl-cor:entryHeader/gl-cor:entryDetail/gl-cor:lineNumberCounter
27,4,C,,Account Identifier,,0..*,,"Tuple: parent container for account numbers and identifiers. No entry is made here, but each detail line may have multiple accounts assigned to it for reporting in different GAAPs, offsetting accounts in Japan, passing along information to consolidation systems about local versus consolidating accounts, etc. For example, the account 4783HG-QOWI-192837-1000 may be expressed so: 

/account/accountMainID 1000  
/account/accountMainDescription Cash  
/account/accountSub/accountSubID 4783HG  
/account/accountSub/accountSubDescription Department  
/account/accountSub/accountSubID QOWI  
/account/accountSub/accountSubDescription Branch  
/account/accountSub/accountSubID 192837  
/account/accountSub/accountSubDescription Division",gl-cor,,Account Identifier,,,$.Accounting Entries.Entry Information.Entry Detail.Account Identifier,AccntgEntrs_EntryInfrmn_EntryDetl_AccntIdntfr,【科目識別子】,"タプル。勘定科目番号と識別子の親コンテナ。 ここには記入されないが、個々の明細行は、異なるGAAPでの報告や、日本の見返勘定や、連結勘定科目に対する個別情報の連結会計システムへの伝達などのための、複数の勘定科目を持ちうる。例えば、勘定科目4783HG-QOWI-192837-1000は、次のように表現されうる。
/account/accountMainID 1000  
/account/accountMainDescription Cash  
/account/accountSub/accountSubID 4783HG  
/account/accountSub/accountSubDescription Department  
/account/accountSub/accountSubID QOWI  
/account/accountSub/accountSubDescription Branch  
/account/accountSub/accountSubID 192837  
/account/accountSub/accountSubDescription Division",gl-cor:account,/xbrli:xbrl/gl-cor:accountingEntries/gl-cor:entryHeader/gl-cor:entryDetail/gl-cor:account
28,5,A,,Main Account Number,xbrli:stringItemType,0..1,,"Main account - the code used to identify the accounting bucket the entry has been assigned to. Examples might be 1000 for Cash, 567GAAZ for Sales Expense or Z for tax payments. Identifiers such as department, branch, division, manager, or other modifiers are noted in the Subaccount area. Before needing to post, account is not necessary. Posting to the general ledger almost always requires an entry here.",gl-cor,,Account Identifier,,,$.Accounting Entries.Entry Information.Entry Detail.Account Identifier.Main Account Number,AccntgEntrs_EntryInfrmn_EntryDetl_AccntIdntfr_ManAccntNumbr,主勘定科目コード,"主勘定科目。仕訳が関連する会計バケットを特定するためのコード。例えば、現金を表す1000、販売費を表す567GAAZ、税を表すZ。
部門、支店、事業部、マネージャ、その他の識別子は、Subaccount領域に記述される。転記の必要がなければ、勘定科目は必要ではない。総勘定元帳に転記するにはほとんどの場合必要。",gl-cor:accountMainID,/xbrli:xbrl/gl-cor:accountingEntries/gl-cor:entryHeader/gl-cor:entryDetail/gl-cor:account/gl-cor:accountMainID
29,5,A,,Main Account Description,xbrli:stringItemType,0..1,,Description of accountMainID - the human readable describer that accompanies the code used in accountMainID,gl-cor,,Account Identifier,,,$.Accounting Entries.Entry Information.Entry Detail.Account Identifier.Main Account Description,AccntgEntrs_EntryInfrmn_EntryDetl_AccntIdntfr_ManAccntDescrptn,主勘定科目説明,主勘定科目コードの説明。主勘定科目コードとして使用されるコードについての、人が読める記述。,gl-cor:accountMainDescription,/xbrli:xbrl/gl-cor:accountingEntries/gl-cor:entryHeader/gl-cor:entryDetail/gl-cor:account/gl-cor:accountMainDescription
30,5,A,,Account Classification,xbrli:tokenItemType,0..1,,"Account type - FASB Concepts 6 and similar international designs. When xbrlInfo is used to associated other XBRL reporting items, this field is more suited to representing existing systems (audit) than data interchange. Enumerated as: asset, liability, equity, income, gain, expense, loss, contr-to-equity, distr-from-equity, comprehensive-income, other.",gl-cor,,Account Identifier,,,$.Accounting Entries.Entry Information.Entry Detail.Account Identifier.Account Classification,AccntgEntrs_EntryInfrmn_EntryDetl_AccntIdntfr_AccntClassfctn,主勘定科目区分,"主勘定科目の種別。FASB Concepts 6および、同様の国際的な様式。xbrlInfoが他のXBRL項目と関係付けられる場合、データ交換より現存システム(audit)を示すべき。
[設定値のリスト]
(asset：資産)、(liability：負債)、(equity：資本)、(income：収益)、(gain：利得)、(expense：費用)、(loss：損失)、(contr-to-equity：資本増加)、(distr-from-equity：資本減少)、(comprehensive-income：包括利益)、(other：その他)",gl-cor:mainAccountType,/xbrli:xbrl/gl-cor:accountingEntries/gl-cor:entryHeader/gl-cor:entryDetail/gl-cor:account/gl-cor:mainAccountType
31,5,A,,Account Classification Description,xbrli:stringItemType,0..1,,Free format description of the account classification,gl-cor,,Account Identifier,,,$.Accounting Entries.Entry Information.Entry Detail.Account Identifier.Account Classification Description,AccntgEntrs_EntryInfrmn_EntryDetl_AccntIdntfr_AccntClassfctnDescrptn,主勘定科目区分説明,主勘定科目の区分の説明。,gl-cor:mainAccountTypeDescription,/xbrli:xbrl/gl-cor:accountingEntries/gl-cor:entryHeader/gl-cor:entryDetail/gl-cor:account/gl-cor:mainAccountTypeDescription
32,5,A,,Parent Account Number,xbrli:stringItemType,0..1,,Roll up item from child natural account to parent natural account.,gl-cor,,Account Identifier,,,$.Accounting Entries.Entry Information.Entry Detail.Account Identifier.Parent Account Number,AccntgEntrs_EntryInfrmn_EntryDetl_AccntIdntfr_ParntAccntNumbr,親勘定科目コード,子勘定科目から親勘定科目に包み込む科目。,gl-cor:parentAccountMainID,/xbrli:xbrl/gl-cor:accountingEntries/gl-cor:entryHeader/gl-cor:entryDetail/gl-cor:account/gl-cor:parentAccountMainID
33,5,A,,Purpose of Account,xbrli:tokenItemType,0..1,,"Code related to usage for account aggregate - Consolidating, European, IFRS, Offsetting, Primary, Tax, USGAAP, Japanese, Other. Japanese companies will use this for the tax required offsetting entry. If left blank, assumes default accounting method for company.",gl-cor,,Account Identifier,,,$.Accounting Entries.Entry Information.Entry Detail.Account Identifier.Purpose of Account,AccntgEntrs_EntryInfrmn_EntryDetl_AccntIdntfr_PurpsAccnt,勘定科目目的,"勘定科目群の使用法を示すコード。連結、European, IFRS, 見返、プライマリ, 税, USGAAP, Japanese,その他。日本企業では、見返仕訳で要求される税務処理に利用するかもしれない。空白の場合、企業の既定の勘定方法とみなす。
[設定値のリスト]
(consolidating：連結)、(european：ヨーロッパ)、(ifrs：IFRS)、(offsetting：見返)、(primary：プライマリ)、(tax：税)、(usgaap：US GAAP)、(japanese：日本)、(other：その他)",gl-cor:accountPurposeCode,/xbrli:xbrl/gl-cor:accountingEntries/gl-cor:entryHeader/gl-cor:entryDetail/gl-cor:account/gl-cor:accountPurposeCode
34,5,A,,Description of Purpose of Account,xbrli:stringItemType,0..1,,Description of usage for aggregate account,gl-cor,,Account Identifier,,,$.Accounting Entries.Entry Information.Entry Detail.Account Identifier.Description of Purpose of Account,AccntgEntrs_EntryInfrmn_EntryDetl_AccntIdntfr_DescrptnPurpsAccnt,勘定科目目的説明,勘定科目群の使用法の説明。,gl-cor:accountPurposeDescription,/xbrli:xbrl/gl-cor:accountingEntries/gl-cor:entryHeader/gl-cor:entryDetail/gl-cor:account/gl-cor:accountPurposeDescription
35,5,A,,Account Type,xbrli:tokenItemType,0..1,,"Type of account. Enumerated as: account, bank, employee, customer, job, vendor, measurable, statistical, other.",gl-cor,,Account Identifier,,,$.Accounting Entries.Entry Information.Entry Detail.Account Identifier.Account Type,AccntgEntrs_EntryInfrmn_EntryDetl_AccntIdntfr_AccntType,科目種別,"科目の種別。
[設定値のリスト]
(account：勘定科目)、(bank：銀行)、(employee：従業員)、(customer：顧客)、(job：ジョブ)、(vendor：仕入先)、(measurable：計測可能物)、(statistical：統計)、(other：その他)",gl-cor:accountType,/xbrli:xbrl/gl-cor:accountingEntries/gl-cor:entryHeader/gl-cor:entryDetail/gl-cor:account/gl-cor:accountType
36,5,A,,Account Type Description,xbrli:stringItemType,0..1,,Free format description of the account type,gl-cor,,Account Identifier,,,$.Accounting Entries.Entry Information.Entry Detail.Account Identifier.Account Type Description,AccntgEntrs_EntryInfrmn_EntryDetl_AccntIdntfr_AccntTypeDescrptn,科目種別説明,科目の種別の説明。,gl-cor:accountTypeDescription,/xbrli:xbrl/gl-cor:accountingEntries/gl-cor:entryHeader/gl-cor:entryDetail/gl-cor:account/gl-cor:accountTypeDescription
37,5,C,,Subaccount Information,,0..*,,Tuple to hold multiple accountSubIDs and Descriptions,gl-cor,,Subaccount Information,,,$.Accounting Entries.Entry Information.Entry Detail.Account Identifier.Subaccount Information,AccntgEntrs_EntryInfrmn_EntryDetl_AccntIdntfr_SubccntInfrmn,【サブ科目情報】,複数のaccountSubIDと説明文を含むタプル。,gl-cor:accountSub,/xbrli:xbrl/gl-cor:accountingEntries/gl-cor:entryHeader/gl-cor:entryDetail/gl-cor:account/gl-cor:accountSub
38,6,A,,Subaccount Description,xbrli:stringItemType,0..1,,The description that accompanies accountSubID belongs here.,gl-cor,,Subaccount Information,,,$.Accounting Entries.Entry Information.Entry Detail.Account Identifier.Subaccount Information.Subaccount Description,AccntgEntrs_EntryInfrmn_EntryDetl_AccntIdntfr_SubccntInfrmn_SubccntDescrptn,サブ科目説明,accountSubIDに関する説明。,gl-cor:accountSubDescription,/xbrli:xbrl/gl-cor:accountingEntries/gl-cor:entryHeader/gl-cor:entryDetail/gl-cor:account/gl-cor:accountSub/gl-cor:accountSubDescription
39,6,A,,Subaccount,xbrli:stringItemType,0..1,,"Where the primary account was placed in accountMainID, the code used for each profit center, division, business unit, fund, program, branch, project, class, su-class or other modifier is placed here.",gl-cor,,Subaccount Information,,,$.Accounting Entries.Entry Information.Entry Detail.Account Identifier.Subaccount Information.Subaccount,AccntgEntrs_EntryInfrmn_EntryDetl_AccntIdntfr_SubccntInfrmn_Subccnt,サブ科目コード,主勘定科目をaccountMainIDに指定したときに、各プロフィットセンタ、事業部、事業体、基金、プログラム、支店、プロジェクト、クラス、su-クラス又は他の修飾子に使用されるコードはここに指定する。,gl-cor:accountSubID,/xbrli:xbrl/gl-cor:accountingEntries/gl-cor:entryHeader/gl-cor:entryDetail/gl-cor:account/gl-cor:accountSub/gl-cor:accountSubID
40,6,A,,Type of Subaccount,xbrli:tokenItemType,0..1,,"Type of sub-account - profit center, division, business unit, fund, program, branch, project, class, su-class or other modifier is placed here. For example:: Accountability center: Business unit: Class:Department: Project: Fund: Program:Job: Profit center: Branch: Setup class: Division: Unit",gl-cor,,Subaccount Information,,,$.Accounting Entries.Entry Information.Entry Detail.Account Identifier.Subaccount Information.Type of Subaccount,AccntgEntrs_EntryInfrmn_EntryDetl_AccntIdntfr_SubccntInfrmn_TypeSubccnt,サブ科目種別,小勘定科目の種別。プロフィットセンタ、事業部、事業体、基金、プログラム、支店、プロジェクト、クラス、su-クラス又は他の修飾子がここに配置される。 例えば、責任単位、事業単位、クラス、部、プロジェクト、基金、プログラム、ジョブ、プロフィットセンター、支店、セットアップクラス、部門、ユニット,gl-cor:accountSubType,/xbrli:xbrl/gl-cor:accountingEntries/gl-cor:entryHeader/gl-cor:entryDetail/gl-cor:account/gl-cor:accountSub/gl-cor:accountSubType
41,6,C,,Segment Parent Information,,0..*,,Tuple for showing the detail necessary to roll up from one segment (type of subaccount) to another.),gl-cor,,Segment Parent Information,,,$.Accounting Entries.Entry Information.Entry Detail.Account Identifier.Subaccount Information.Segment Parent Information,AccntgEntrs_EntryInfrmn_EntryDetl_AccntIdntfr_SubccntInfrmn_SegmntParntInfrmn,【親セグメント情報】,セグメント（小勘定科目の種別）間のロールアップ時に必要な詳細情報を示すタプル。,gl-cor:segmentParentTuple,/xbrli:xbrl/gl-cor:accountingEntries/gl-cor:entryHeader/gl-cor:entryDetail/gl-cor:account/gl-cor:accountSub/gl-cor:segmentParentTuple
42,7,A,,Parent Subaccount Code,xbrli:stringItemType,0..1,,Subaccount NUMBER this subaccount rolls up to - see also subaccount type it rolls up to.,gl-cor,,Segment Parent Information,,,$.Accounting Entries.Entry Information.Entry Detail.Account Identifier.Subaccount Information.Segment Parent Information.Parent Subaccount Code,AccntgEntrs_EntryInfrmn_EntryDetl_AccntIdntfr_SubccntInfrmn_SegmntParntInfrmn_ParntSubccntCod,親サブ科目コード,この小勘定科目のロールアップ先の小勘定科目の番号-ロールアップ先の小勘定科目の種別も参照。,gl-cor:parentSubaccountCode,/xbrli:xbrl/gl-cor:accountingEntries/gl-cor:entryHeader/gl-cor:entryDetail/gl-cor:account/gl-cor:accountSub/gl-cor:segmentParentTuple/gl-cor:parentSubaccountCode
43,7,A,,Parent Subaccount Type,xbrli:stringItemType,0..1,,The describer of the segment this subaccount rolls up to.,gl-cor,,Segment Parent Information,,,$.Accounting Entries.Entry Information.Entry Detail.Account Identifier.Subaccount Information.Segment Parent Information.Parent Subaccount Type,AccntgEntrs_EntryInfrmn_EntryDetl_AccntIdntfr_SubccntInfrmn_SegmntParntInfrmn_ParntSubccntType,親サブ科目種別,この小勘定科目のロールアップ先のセグメントの説明。,gl-cor:parentSubaccountType,/xbrli:xbrl/gl-cor:accountingEntries/gl-cor:entryHeader/gl-cor:entryDetail/gl-cor:account/gl-cor:accountSub/gl-cor:segmentParentTuple/gl-cor:parentSubaccountType
44,7,A,,Reporting Tree Identifier,xbrli:stringItemType,0..1,,Used for representing descriptions of reporting trees.,gl-cor,,Segment Parent Information,,,$.Accounting Entries.Entry Information.Entry Detail.Account Identifier.Subaccount Information.Segment Parent Information.Reporting Tree Identifier,AccntgEntrs_EntryInfrmn_EntryDetl_AccntIdntfr_SubccntInfrmn_SegmntParntInfrmn_ReprtngTreIdntfr,報告系統識別子,報告系統の説明に使用される。,gl-cor:reportingTreeIdentifier,/xbrli:xbrl/gl-cor:accountingEntries/gl-cor:entryHeader/gl-cor:entryDetail/gl-cor:account/gl-cor:accountSub/gl-cor:segmentParentTuple/gl-cor:reportingTreeIdentifier
45,7,A,,Parent Subaccount Percentage,xbrli:pureItemType,0..1,,"For partial allocations of amounts to different parents, the percentage of a child that will be allocated to a parent.",gl-cor,,Segment Parent Information,,,$.Accounting Entries.Entry Information.Entry Detail.Account Identifier.Subaccount Information.Segment Parent Information.Parent Subaccount Percentage,AccntgEntrs_EntryInfrmn_EntryDetl_AccntIdntfr_SubccntInfrmn_SegmntParntInfrmn_ParntSubccntPercntg,親サブ科目配分パーセンテージ,異なる親科目に配分する場合に、親科目に割り当てるパーセンテージ。,gl-cor:parentSubaccountProportion,/xbrli:xbrl/gl-cor:accountingEntries/gl-cor:entryHeader/gl-cor:entryDetail/gl-cor:account/gl-cor:accountSub/gl-cor:segmentParentTuple/gl-cor:parentSubaccountProportion
46,5,A,,Account Active,xbrli:booleanItemType,0..1,,"Boolean to indicate whether the account is active (=""true"") or inactive (=""false"")",gl-cor,,Account Identifier,,,$.Accounting Entries.Entry Information.Entry Detail.Account Identifier.Account Active,AccntgEntrs_EntryInfrmn_EntryDetl_AccntIdntfr_AccntActv,科目有効性,科目が有効か無効かを示すブール値。,gl-cor:accountActive,/xbrli:xbrl/gl-cor:accountingEntries/gl-cor:entryHeader/gl-cor:entryDetail/gl-cor:account/gl-cor:accountActive
47,4,A,,Monetary Amount,xbrli:monetaryItemType,0..1,,"This field (amount) represents the primary monetary amount related to the  subject of the entryDetail line. There is one primary monetary amount per entryDetail structure. It may, for example, represent the amount of one line of a journal entry, the balance on a document, or the extended amount of a line item on an invoice. Amount is not required if detailed entry is used for non-financial work and other elements are populated, in particular measurableQuantity. The amount field is a signed number (either positive or negative itself) and used in conjunction with a separate signOfAmount and a separate debitCreditCode, which together are considered for understanding the monetary amount. The unit of measure is determined by amountCurrency if present, and by the default or home currency if amountCurrency is not present.",gl-cor,,Entry Detail,,,$.Accounting Entries.Entry Information.Entry Detail.Monetary Amount,AccntgEntrs_EntryInfrmn_EntryDetl_MontryAmnt,金額,entryDetailの代表的な金額を示す。entryDetailごとにひとつの値を持つ。たとえば、仕訳帳の行、残高、請求書の行の金額。明細が会計業務用でなく、measurableQuantityなどの他の要素が設定されている場合は不要。符号付数値であり、金額を解釈するために用意されたsignOfAmountおよびdebitCreditCodeとあわせて使用される。通貨単位はamountCurrencyで決定される。amountCurrencyが指定されない場合は、既定または自国の通貨単位となる。,gl-cor:amount,/xbrli:xbrl/gl-cor:accountingEntries/gl-cor:entryHeader/gl-cor:entryDetail/gl-cor:amount
48,4,A,,Sign Indication for Amount,xbrli:tokenItemType,0..1,,Sign of amount; provides 4 possible fields only when used in conjunction with debitCreditCode; primarily used for correcting entries so total debits and credits after an entry error are not inflated. D + increase DebitsD - decrease debitsC + decreases creditC - increases credit,gl-cor,,Entry Detail,,,$.Accounting Entries.Entry Information.Entry Detail.Sign Indication for Amount,AccntgEntrs_EntryInfrmn_EntryDetl_SignIndctnAmnt,金額符号,"金額の符号。貸借識別子と関連して使用される場合にだけ、4つの可能なフィールドを提供する。記入エラー後の総貸借が膨張しないように、おもに仕訳の訂正に使用される。 D+は借方を増加させる。D-は借方を減少させる。C+は貸方を減少させる。C-は貸方を増加させる。
[設定値のリスト]
(+)、(-)、(plus：プラス)、(minus：マイナス)",gl-cor:signOfAmount,/xbrli:xbrl/gl-cor:accountingEntries/gl-cor:entryHeader/gl-cor:entryDetail/gl-cor:signOfAmount
49,4,A,,Debit/Credit Identifier,xbrli:tokenItemType,0..1,,"Optional identifier of whether the amount is a (D)ebit, a (C)redit or Undefined",gl-cor,,Entry Detail,,,$.Accounting Entries.Entry Information.Entry Detail.Debit/Credit Identifier,AccntgEntrs_EntryInfrmn_EntryDetl_DebtcrdtIdntfr,貸借区分コード,"金額が借方か貸方か不定かを示す識別子。
[設定値のリスト]
(D)、(C)、(debit：借方)、(credit：貸方)、(undefined：不定)",gl-cor:debitCreditCode,/xbrli:xbrl/gl-cor:accountingEntries/gl-cor:entryHeader/gl-cor:entryDetail/gl-cor:debitCreditCode
50,4,A,,Posting Date,xbrli:dateTimeItemType,0..1,,"At the detail level, this represents the accounting significance date. No matter what date the document is received, entered, or posted, this signifies the accounting date of the entry. If you want to see the financial results for March 5, 2002 and this entry is given that date, the entry will be part of the results for March 5, 2002. This is different from the postedDate found at the entryHeader level. If you want the accounting significance to be a particular date, it goes here. A single entry could represent multiple dates, but would only be posted on one date.",gl-cor,,Entry Detail,,,$.Accounting Entries.Entry Information.Entry Detail.Posting Date,AccntgEntrs_EntryInfrmn_EntryDetl_PostngDat,転記日付,明細レベルで、会計上意義のある日付を示す。ドキュメントの受領、入力、転記の日付に関わらず、仕訳が会計処理された日付を示す。2002.03.05の財務結果を見たいときに、ここにその日付がある場合は、この明細は2002.03.05の結果の一部である。これは、entryHeaderにあるpostedDateとは異なる。特定の日付を会計上意義のある日付にしたいなら、ここに記述する。ひとつの仕訳が複数の日付をあらわせるが、ひとつの日でのみ転記される。,gl-cor:postingDate,/xbrli:xbrl/gl-cor:accountingEntries/gl-cor:entryHeader/gl-cor:entryDetail/gl-cor:postingDate
51,4,C,,Identifier Reference,,0..*,,"Identification for customer, vendor, or employee.",gl-cor,,Identifier Reference,,,$.Accounting Entries.Entry Information.Entry Detail.Identifier Reference,AccntgEntrs_EntryInfrmn_EntryDetl_IdntfrRefrnc,【CVE情報】,顧客、仕入先、従業員のための識別子。,gl-cor:identifierReference,/xbrli:xbrl/gl-cor:accountingEntries/gl-cor:entryHeader/gl-cor:entryDetail/gl-cor:identifierReference
52,5,A,,ID Number (internal),xbrli:stringItemType,0..1,,Internal ID Number associated with identifierReference,gl-cor,,Identifier Reference,,,$.Accounting Entries.Entry Information.Entry Detail.Identifier Reference.ID Number (internal),AccntgEntrs_EntryInfrmn_EntryDetl_IdntfrRefrnc_IdNumbrIntrnl,CVE識別番号（内部）,identifierReferenceに関係付けられた、内部ID番号。,gl-cor:identifierCode,/xbrli:xbrl/gl-cor:accountingEntries/gl-cor:entryHeader/gl-cor:entryDetail/gl-cor:identifierReference/gl-cor:identifierCode
53,5,C,,External Authority,,0..*,,Structure containing references to an external authority associated with identifier,gl-cor,,External Authority,,,$.Accounting Entries.Entry Information.Entry Detail.Identifier Reference.External Authority,AccntgEntrs_EntryInfrmn_EntryDetl_IdntfrRefrnc_ExtrnlAthrty,【外部機関】,識別子と関係付けられる外部機関への参照情報を含む構造体。,gl-cor:identifierExternalReference,/xbrli:xbrl/gl-cor:accountingEntries/gl-cor:entryHeader/gl-cor:entryDetail/gl-cor:identifierReference/gl-cor:identifierExternalReference
54,6,A,,External Authority ID Number,xbrli:stringItemType,0..1,,"External Authority (e,g, Tax Authority) ID Number associated with identifierReference",gl-cor,,External Authority,,,$.Accounting Entries.Entry Information.Entry Detail.Identifier Reference.External Authority.External Authority ID Number,AccntgEntrs_EntryInfrmn_EntryDetl_IdntfrRefrnc_ExtrnlAthrty_ExtrnlAthrtyIdNumbr,外部機関付与識別番号,identifierReferenceと関係付けられる、外部機関（たとえば、税務署）によるID番号。,gl-cor:identifierAuthorityCode,/xbrli:xbrl/gl-cor:accountingEntries/gl-cor:entryHeader/gl-cor:entryDetail/gl-cor:identifierReference/gl-cor:identifierExternalReference/gl-cor:identifierAuthorityCode
55,6,A,,External Authority,xbrli:stringItemType,0..1,,Name of External Authority (e.g. Tax Authority),gl-cor,,External Authority,,,$.Accounting Entries.Entry Information.Entry Detail.Identifier Reference.External Authority.External Authority,AccntgEntrs_EntryInfrmn_EntryDetl_IdntfrRefrnc_ExtrnlAthrty_ExtrnlAthrty,外部機関名,外部機関の名前（たとえば、税務署）,gl-cor:identifierAuthority,/xbrli:xbrl/gl-cor:accountingEntries/gl-cor:entryHeader/gl-cor:entryDetail/gl-cor:identifierReference/gl-cor:identifierExternalReference/gl-cor:identifierAuthority
56,6,A,,External Authority Verification Date,xbrli:dateTimeItemType,0..1,,Date on which the External Authority last performed a verification,gl-cor,,External Authority,,,$.Accounting Entries.Entry Information.Entry Detail.Identifier Reference.External Authority.External Authority Verification Date,AccntgEntrs_EntryInfrmn_EntryDetl_IdntfrRefrnc_ExtrnlAthrty_ExtrnlAthrtyVerfctnDat,外部機関認証日付,外部機関が最後に認証した日付。,gl-cor:identifierAuthorityVerificationDate,/xbrli:xbrl/gl-cor:accountingEntries/gl-cor:entryHeader/gl-cor:entryDetail/gl-cor:identifierReference/gl-cor:identifierExternalReference/gl-cor:identifierAuthorityVerificationDate
57,5,A,,Identifier Organization Type,xbrli:tokenItemType,0..1,,"Identifier Organization Type. Enumerated as: individual, organization, other.",gl-cor,,Identifier Reference,,,$.Accounting Entries.Entry Information.Entry Detail.Identifier Reference.Identifier Organization Type,AccntgEntrs_EntryInfrmn_EntryDetl_IdntfrRefrnc_IdntfrOrgnznType,CVE組織種別,"CVE識別子の組織種別。
[設定値のリスト]
(individual：個人)、(organization：組織)、(other：その他)",gl-cor:identifierOrganizationType,/xbrli:xbrl/gl-cor:accountingEntries/gl-cor:entryHeader/gl-cor:entryDetail/gl-cor:identifierReference/gl-cor:identifierOrganizationType
58,5,A,,Identifier Organization Type Description,xbrli:stringItemType,0..1,,Free format description of the identifier organization type,gl-cor,,Identifier Reference,,,$.Accounting Entries.Entry Information.Entry Detail.Identifier Reference.Identifier Organization Type Description,AccntgEntrs_EntryInfrmn_EntryDetl_IdntfrRefrnc_IdntfrOrgnznTypeDescrptn,CVE組織種別説明,CVE識別子の組織種別の説明。,gl-cor:identifierOrganizationTypeDescription,/xbrli:xbrl/gl-cor:accountingEntries/gl-cor:entryHeader/gl-cor:entryDetail/gl-cor:identifierReference/gl-cor:identifierOrganizationTypeDescription
59,5,A,,Identifier Description,xbrli:stringItemType,0..1,,Textual description of identifierReference.,gl-cor,,Identifier Reference,,,$.Accounting Entries.Entry Information.Entry Detail.Identifier Reference.Identifier Description,AccntgEntrs_EntryInfrmn_EntryDetl_IdntfrRefrnc_IdntfrDescrptn,CVE説明,identifierReferenceの説明。,gl-cor:identifierDescription,/xbrli:xbrl/gl-cor:accountingEntries/gl-cor:entryHeader/gl-cor:entryDetail/gl-cor:identifierReference/gl-cor:identifierDescription
60,5,A,,Identifier Type,xbrli:tokenItemType,0..1,,"Entity type (enumerated): C, customer, E, employee, V, vendor, O, other, I, salesperson-internal, X, salesperson-external, N, contractor.",gl-cor,,Identifier Reference,,,$.Accounting Entries.Entry Information.Entry Detail.Identifier Reference.Identifier Type,AccntgEntrs_EntryInfrmn_EntryDetl_IdntfrRefrnc_IdntfrType,CVE種別,"実体の種別。 [設定値のリスト] (C)、(customer：顧客)、(E)、(employee：従業員)、(V)、(vendor：仕入先)、(O)、(other：その他)、(I)、(salesperson-internal：店舗内販売員)、(X)、(salesperson-external：外交販売員)、(N)、(contractor：請負者)",gl-cor:identifierType,/xbrli:xbrl/gl-cor:accountingEntries/gl-cor:entryHeader/gl-cor:entryDetail/gl-cor:identifierReference/gl-cor:identifierType
61,5,A,,Identifier Category,xbrli:stringItemType,0..1,,"For use as Customer, Vendor or Employee Class (such as Residential/Commercial/Institutional/Government or Retail/Wholesale or other classifications used by business).",gl-cor,,Identifier Reference,,,$.Accounting Entries.Entry Information.Entry Detail.Identifier Reference.Identifier Category,AccntgEntrs_EntryInfrmn_EntryDetl_IdntfrRefrnc_IdntfrCatgry,CVEカテゴリ,顧客、仕入先、従業員の分類に使用する。　（住居/商業/機関/政府や、小売/卸や、ビジネスで使用されるその他の分類）。,gl-cor:identifierCategory,/xbrli:xbrl/gl-cor:accountingEntries/gl-cor:entryHeader/gl-cor:entryDetail/gl-cor:identifierReference/gl-cor:identifierCategory
62,5,C,,Email Address,,0..*,,Email address for Identifier.,gl-cor,,Email Address,,,$.Accounting Entries.Entry Information.Entry Detail.Identifier Reference.Email Address,AccntgEntrs_EntryInfrmn_EntryDetl_IdntfrRefrnc_EmlAddrss,【Eメールアドレス】,CVE識別子のEメールアドレス。,gl-cor:identifierEMail,/xbrli:xbrl/gl-cor:accountingEntries/gl-cor:entryHeader/gl-cor:entryDetail/gl-cor:identifierReference/gl-cor:identifierEMail
63,6,A,,Identifer Email Address Usage,xbrli:stringItemType,0..1,,"Identifer Email Address Usage (e.g. Orders, Head Office, IR)",gl-cor,,Email Address,,,$.Accounting Entries.Entry Information.Entry Detail.Identifier Reference.Email Address.Identifer Email Address Usage,AccntgEntrs_EntryInfrmn_EntryDetl_IdntfrRefrnc_EmlAddrss_IdntfrEmlAddrssUsg,CVEEメールアドレス用途,CVE識別子のEメールアドレスの用途。(注文、本社、IRなど),gl-cor:identifierEmailAddressUsage,/xbrli:xbrl/gl-cor:accountingEntries/gl-cor:entryHeader/gl-cor:entryDetail/gl-cor:identifierReference/gl-cor:identifierEMail/gl-cor:identifierEmailAddressUsage
64,6,A,,Identifer Email Address,xbrli:stringItemType,0..1,,Identifer Email Address,gl-cor,,Email Address,,,$.Accounting Entries.Entry Information.Entry Detail.Identifier Reference.Email Address.Identifer Email Address,AccntgEntrs_EntryInfrmn_EntryDetl_IdntfrRefrnc_EmlAddrss_IdntfrEmlAddrss,CVEEメールアドレス,CVE識別子のEメールアドレス。,gl-cor:identifierEmailAddress,/xbrli:xbrl/gl-cor:accountingEntries/gl-cor:entryHeader/gl-cor:entryDetail/gl-cor:identifierReference/gl-cor:identifierEMail/gl-cor:identifierEmailAddress
65,5,C,,Phone Number,,0..*,,Phone number related to Identifier.,gl-cor,,Phone Number,,,$.Accounting Entries.Entry Information.Entry Detail.Identifier Reference.Phone Number,AccntgEntrs_EntryInfrmn_EntryDetl_IdntfrRefrnc_PhonNumbr,【電話番号】,CVE識別子の電話番号。,gl-cor:identifierPhoneNumber,/xbrli:xbrl/gl-cor:accountingEntries/gl-cor:entryHeader/gl-cor:entryDetail/gl-cor:identifierReference/gl-cor:identifierPhoneNumber
66,6,A,,Identifier Phone Number Usage,xbrli:tokenItemType,0..1,,"Identifier Phone Number Usage (e.g. Main, Investor relations, etc.). Enumerated as: bookkeeper, controller, direct, fax, investor-relations, main, switchboard, other.",gl-cor,,Phone Number,,,$.Accounting Entries.Entry Information.Entry Detail.Identifier Reference.Phone Number.Identifier Phone Number Usage,AccntgEntrs_EntryInfrmn_EntryDetl_IdntfrRefrnc_PhonNumbr_IdntfrPhonNumbrUsg,CVE電話番号用途,"CVE識別子の電話番号の用途。(代表、IR用など)
[設定値のリスト]
(bookkeeper：記帳係)、(controller：会計責任者)、(direct：直通)、(fax：FAX)、(investor-relations：IR窓口)、(main：代表)、(switchboard：交換台)、(other：その他)",gl-cor:identifierPhoneNumberDescription,/xbrli:xbrl/gl-cor:accountingEntries/gl-cor:entryHeader/gl-cor:entryDetail/gl-cor:identifierReference/gl-cor:identifierPhoneNumber/gl-cor:identifierPhoneNumberDescription
67,6,A,,Identifier Phone Number,xbrli:stringItemType,0..1,,Identifier Phone Number,gl-cor,,Phone Number,,,$.Accounting Entries.Entry Information.Entry Detail.Identifier Reference.Phone Number.Identifier Phone Number,AccntgEntrs_EntryInfrmn_EntryDetl_IdntfrRefrnc_PhonNumbr_IdntfrPhonNumbr,CVE電話番号,CVE識別子の電話番号。,gl-cor:identifierPhone,/xbrli:xbrl/gl-cor:accountingEntries/gl-cor:entryHeader/gl-cor:entryDetail/gl-cor:identifierReference/gl-cor:identifierPhoneNumber/gl-cor:identifierPhone
68,5,C,,Fax Number Structure,,0..*,,Fax number structure related to identifier.,gl-cor,,Fax Number Structure,,,$.Accounting Entries.Entry Information.Entry Detail.Identifier Reference.Fax Number Structure,AccntgEntrs_EntryInfrmn_EntryDetl_IdntfrRefrnc_FaxNumbrStructr,【FAX番号】,CVE識別子のFAX番号の構造体。,gl-cor:identifierFaxNumber,/xbrli:xbrl/gl-cor:accountingEntries/gl-cor:entryHeader/gl-cor:entryDetail/gl-cor:identifierReference/gl-cor:identifierFaxNumber
69,6,A,,Identifer Fax Number Usage,xbrli:stringItemType,0..1,,"Identifer Fax Number Usage (e.g. Orders, Head Office, IR)",gl-cor,,Fax Number Structure,,,$.Accounting Entries.Entry Information.Entry Detail.Identifier Reference.Fax Number Structure.Identifer Fax Number Usage,AccntgEntrs_EntryInfrmn_EntryDetl_IdntfrRefrnc_FaxNumbrStructr_IdntfrFaxNumbrUsg,CVEFAX番号用途,CVE識別子のFAX番号の用途。(注文、本社、IRなど),gl-cor:identifierFaxNumberUsage,/xbrli:xbrl/gl-cor:accountingEntries/gl-cor:entryHeader/gl-cor:entryDetail/gl-cor:identifierReference/gl-cor:identifierFaxNumber/gl-cor:identifierFaxNumberUsage
70,6,A,,Identifer Fax Number,xbrli:stringItemType,0..1,,Identifer Fax Number,gl-cor,,Fax Number Structure,,,$.Accounting Entries.Entry Information.Entry Detail.Identifier Reference.Fax Number Structure.Identifer Fax Number,AccntgEntrs_EntryInfrmn_EntryDetl_IdntfrRefrnc_FaxNumbrStructr_IdntfrFaxNumbr,CVEFAX番号,CVE識別子のFAX番号。,gl-cor:identifierFax,/xbrli:xbrl/gl-cor:accountingEntries/gl-cor:entryHeader/gl-cor:entryDetail/gl-cor:identifierReference/gl-cor:identifierFaxNumber/gl-cor:identifierFax
71,5,C,,Identifier Contact Information Structure,,0..*,,Identifier Contact Information Structure,gl-cor,,Identifier Contact Information Structure,,,$.Accounting Entries.Entry Information.Entry Detail.Identifier Reference.Identifier Contact Information Structure,AccntgEntrs_EntryInfrmn_EntryDetl_IdntfrRefrnc_IdntfrContctInfrmnStructr,【CVE担当者情報】,CVE識別子の担当者情報の構造体。,gl-cor:identifierContactInformationStructure,/xbrli:xbrl/gl-cor:accountingEntries/gl-cor:entryHeader/gl-cor:entryDetail/gl-cor:identifierReference/gl-cor:identifierContactInformationStructure
72,6,A,,Identifier Contact Prefix,xbrli:stringItemType,0..1,,"Prefix (e.g. Dr., Mr., Mrs.)",gl-cor,,Identifier Contact Information Structure,,,$.Accounting Entries.Entry Information.Entry Detail.Identifier Reference.Identifier Contact Information Structure.Identifier Contact Prefix,AccntgEntrs_EntryInfrmn_EntryDetl_IdntfrRefrnc_IdntfrContctInfrmnStructr_IdntfrContctPrefx,CVE担当者敬称,敬称(Dr.、Mr.、Mrs.など),gl-cor:identifierContactPrefix,/xbrli:xbrl/gl-cor:accountingEntries/gl-cor:entryHeader/gl-cor:entryDetail/gl-cor:identifierReference/gl-cor:identifierContactInformationStructure/gl-cor:identifierContactPrefix
73,6,A,,Identifier Contact Last Name,xbrli:stringItemType,0..1,,Identifier Contact Last or Family Name,gl-cor,,Identifier Contact Information Structure,,,$.Accounting Entries.Entry Information.Entry Detail.Identifier Reference.Identifier Contact Information Structure.Identifier Contact Last Name,AccntgEntrs_EntryInfrmn_EntryDetl_IdntfrRefrnc_IdntfrContctInfrmnStructr_IdntfrContctLastNam,CVE担当者姓,CVE識別子の担当者の姓,gl-cor:identifierContactLastName,/xbrli:xbrl/gl-cor:accountingEntries/gl-cor:entryHeader/gl-cor:entryDetail/gl-cor:identifierReference/gl-cor:identifierContactInformationStructure/gl-cor:identifierContactLastName
74,6,A,,Identifier Contact First Name,xbrli:stringItemType,0..1,,First or given name,gl-cor,,Identifier Contact Information Structure,,,$.Accounting Entries.Entry Information.Entry Detail.Identifier Reference.Identifier Contact Information Structure.Identifier Contact First Name,AccntgEntrs_EntryInfrmn_EntryDetl_IdntfrRefrnc_IdntfrContctInfrmnStructr_IdntfrContctFirstNam,CVE担当者名,名、クリスチャンネーム,gl-cor:identifierContactFirstName,/xbrli:xbrl/gl-cor:accountingEntries/gl-cor:entryHeader/gl-cor:entryDetail/gl-cor:identifierReference/gl-cor:identifierContactInformationStructure/gl-cor:identifierContactFirstName
75,6,A,,Identifier Contact Suffix,xbrli:stringItemType,0..1,,"Suffix (e.g. MD, CPA, Jr.)",gl-cor,,Identifier Contact Information Structure,,,$.Accounting Entries.Entry Information.Entry Detail.Identifier Reference.Identifier Contact Information Structure.Identifier Contact Suffix,AccntgEntrs_EntryInfrmn_EntryDetl_IdntfrRefrnc_IdntfrContctInfrmnStructr_IdntfrContctSuffx,CVE担当者付加名称,付加名称(MD、CPA、Jr.など),gl-cor:identifierContactSuffix,/xbrli:xbrl/gl-cor:accountingEntries/gl-cor:entryHeader/gl-cor:entryDetail/gl-cor:identifierReference/gl-cor:identifierContactInformationStructure/gl-cor:identifierContactSuffix
76,6,A,,Identifier Contact Attention Line,xbrli:stringItemType,0..1,,Attention Line,gl-cor,,Identifier Contact Information Structure,,,$.Accounting Entries.Entry Information.Entry Detail.Identifier Reference.Identifier Contact Information Structure.Identifier Contact Attention Line,AccntgEntrs_EntryInfrmn_EntryDetl_IdntfrRefrnc_IdntfrContctInfrmnStructr_IdntfrContctAttntnLin,CVE担当者アテンションライン,アテンションライン,gl-cor:identifierContactAttentionLine,/xbrli:xbrl/gl-cor:accountingEntries/gl-cor:entryHeader/gl-cor:entryDetail/gl-cor:identifierReference/gl-cor:identifierContactInformationStructure/gl-cor:identifierContactAttentionLine
77,6,A,,Identifier Contact Position/Role,xbrli:stringItemType,0..1,,Position or Role,gl-cor,,Identifier Contact Information Structure,,,$.Accounting Entries.Entry Information.Entry Detail.Identifier Reference.Identifier Contact Information Structure.Identifier Contact Position/Role,AccntgEntrs_EntryInfrmn_EntryDetl_IdntfrRefrnc_IdntfrContctInfrmnStructr_IdntfrContctPostnrl,CVE担当者地位/役職,地位や役職,gl-cor:identifierContactPositionRole,/xbrli:xbrl/gl-cor:accountingEntries/gl-cor:entryHeader/gl-cor:entryDetail/gl-cor:identifierReference/gl-cor:identifierContactInformationStructure/gl-cor:identifierContactPositionRole
78,6,C,,Identifier Contact Phone,,0..*,,Phone Number,gl-cor,,Identifier Contact Phone,,,$.Accounting Entries.Entry Information.Entry Detail.Identifier Reference.Identifier Contact Information Structure.Identifier Contact Phone,AccntgEntrs_EntryInfrmn_EntryDetl_IdntfrRefrnc_IdntfrContctInfrmnStructr_IdntfrContctPhon,【CVE担当者電話番号】,電話番号,gl-cor:identifierContactPhone,/xbrli:xbrl/gl-cor:accountingEntries/gl-cor:entryHeader/gl-cor:entryDetail/gl-cor:identifierReference/gl-cor:identifierContactInformationStructure/gl-cor:identifierContactPhone
79,7,A,,Identifier Contact Phone Number Usage,xbrli:tokenItemType,0..1,,"Identifier Contact Phone Number Usage (Main, Investor Relations, etc.). Enumerated as: bookkeeper, controller, direct, fax, investor-relations, main, switchboard, other.",gl-cor,,Identifier Contact Phone,,,$.Accounting Entries.Entry Information.Entry Detail.Identifier Reference.Identifier Contact Information Structure.Identifier Contact Phone.Identifier Contact Phone Number Usage,AccntgEntrs_EntryInfrmn_EntryDetl_IdntfrRefrnc_IdntfrContctInfrmnStructr_IdntfrContctPhon_IdntfrContctPhonNumbrUsg,CVE担当者電話番号用途,"CVE識別子の担当者の電話番号の用途。(代表、IR用など)
[設定値のリスト]
(bookkeeper：記帳係)、(controller：会計責任者)、(direct：直通)、(fax：FAX)、(investor-relations：IR担当者)、(main：代表)、(switchboard：交換台)、(other：その他)",gl-cor:identifierContactPhoneNumberDescription,/xbrli:xbrl/gl-cor:accountingEntries/gl-cor:entryHeader/gl-cor:entryDetail/gl-cor:identifierReference/gl-cor:identifierContactInformationStructure/gl-cor:identifierContactPhone/gl-cor:identifierContactPhoneNumberDescription
80,7,A,,Identifier Contact Phone Number,xbrli:stringItemType,0..1,,Identifier Contact Phone Number,gl-cor,,Identifier Contact Phone,,,$.Accounting Entries.Entry Information.Entry Detail.Identifier Reference.Identifier Contact Information Structure.Identifier Contact Phone.Identifier Contact Phone Number,AccntgEntrs_EntryInfrmn_EntryDetl_IdntfrRefrnc_IdntfrContctInfrmnStructr_IdntfrContctPhon_IdntfrContctPhonNumbr,CVE担当者電話番号,CVE識別子の担当者の電話番号。,gl-cor:identifierContactPhoneNumber,/xbrli:xbrl/gl-cor:accountingEntries/gl-cor:entryHeader/gl-cor:entryDetail/gl-cor:identifierReference/gl-cor:identifierContactInformationStructure/gl-cor:identifierContactPhone/gl-cor:identifierContactPhoneNumber
81,6,C,,Identifier Contact Fax Number,,0..*,,Fax Number,gl-cor,,Identifier Contact Fax Number,,,$.Accounting Entries.Entry Information.Entry Detail.Identifier Reference.Identifier Contact Information Structure.Identifier Contact Fax Number,AccntgEntrs_EntryInfrmn_EntryDetl_IdntfrRefrnc_IdntfrContctInfrmnStructr_IdntfrContctFaxNumbr,【CVE担当者FAX番号】,FAX番号。,gl-cor:identifierContactFax,/xbrli:xbrl/gl-cor:accountingEntries/gl-cor:entryHeader/gl-cor:entryDetail/gl-cor:identifierReference/gl-cor:identifierContactInformationStructure/gl-cor:identifierContactFax
82,7,A,,Identifer Contact Fax Number Usage,xbrli:stringItemType,0..1,,"Identifer Contact Fax Number Usage (e.g. Orders, Head Office, IR)",gl-cor,,Identifier Contact Fax Number,,,$.Accounting Entries.Entry Information.Entry Detail.Identifier Reference.Identifier Contact Information Structure.Identifier Contact Fax Number.Identifer Contact Fax Number Usage,AccntgEntrs_EntryInfrmn_EntryDetl_IdntfrRefrnc_IdntfrContctInfrmnStructr_IdntfrContctFaxNumbr_IdntfrContctFaxNumbrUsg,CVE担当者FAX番号用途,CVE識別子の担当者のFAX番号の用途。(注文、本社、IRなど),gl-cor:identifierContactFaxNumberUsage,/xbrli:xbrl/gl-cor:accountingEntries/gl-cor:entryHeader/gl-cor:entryDetail/gl-cor:identifierReference/gl-cor:identifierContactInformationStructure/gl-cor:identifierContactFax/gl-cor:identifierContactFaxNumberUsage
83,7,A,,Identifer Contact Fax Number,xbrli:stringItemType,0..1,,Identifer Contact Fax Number,gl-cor,,Identifier Contact Fax Number,,,$.Accounting Entries.Entry Information.Entry Detail.Identifier Reference.Identifier Contact Information Structure.Identifier Contact Fax Number.Identifer Contact Fax Number,AccntgEntrs_EntryInfrmn_EntryDetl_IdntfrRefrnc_IdntfrContctInfrmnStructr_IdntfrContctFaxNumbr_IdntfrContctFaxNumbr,CVE担当者FAX番号,CVE識別子の担当者のFAX番号。,gl-cor:identifierContactFaxNumber,/xbrli:xbrl/gl-cor:accountingEntries/gl-cor:entryHeader/gl-cor:entryDetail/gl-cor:identifierReference/gl-cor:identifierContactInformationStructure/gl-cor:identifierContactFax/gl-cor:identifierContactFaxNumber
84,6,C,,Identifier Contact Email Address,,0..*,,Email Address,gl-cor,,Identifier Contact Email Address,,,$.Accounting Entries.Entry Information.Entry Detail.Identifier Reference.Identifier Contact Information Structure.Identifier Contact Email Address,AccntgEntrs_EntryInfrmn_EntryDetl_IdntfrRefrnc_IdntfrContctInfrmnStructr_IdntfrContctEmlAddrss,【CVE担当者Eメールアドレス】,Eメールアドレス。,gl-cor:identifierContactEmail,/xbrli:xbrl/gl-cor:accountingEntries/gl-cor:entryHeader/gl-cor:entryDetail/gl-cor:identifierReference/gl-cor:identifierContactInformationStructure/gl-cor:identifierContactEmail
85,7,A,,Identifer Contact Email Address Usage,xbrli:stringItemType,0..1,,"Identifer Contact Email Address Usage (e.g. Orders, Head Office, IR)",gl-cor,,Identifier Contact Email Address,,,$.Accounting Entries.Entry Information.Entry Detail.Identifier Reference.Identifier Contact Information Structure.Identifier Contact Email Address.Identifer Contact Email Address Usage,AccntgEntrs_EntryInfrmn_EntryDetl_IdntfrRefrnc_IdntfrContctInfrmnStructr_IdntfrContctEmlAddrss_IdntfrContctEmlAddrssUsg,CVE担当者Eメールアドレス用途,CVE識別子の担当者のEメールアドレスの用途。(注文、本社、IRなど),gl-cor:identifierContactEmailAddressUsage,/xbrli:xbrl/gl-cor:accountingEntries/gl-cor:entryHeader/gl-cor:entryDetail/gl-cor:identifierReference/gl-cor:identifierContactInformationStructure/gl-cor:identifierContactEmail/gl-cor:identifierContactEmailAddressUsage
86,7,A,,Identifer Contact Email Address,xbrli:stringItemType,0..1,,Identifer Contact Email Address,gl-cor,,Identifier Contact Email Address,,,$.Accounting Entries.Entry Information.Entry Detail.Identifier Reference.Identifier Contact Information Structure.Identifier Contact Email Address.Identifer Contact Email Address,AccntgEntrs_EntryInfrmn_EntryDetl_IdntfrRefrnc_IdntfrContctInfrmnStructr_IdntfrContctEmlAddrss_IdntfrContctEmlAddrss,CVE担当者Eメールアドレス,CVE識別子の担当者のEメールアドレス。,gl-cor:identifierContactEmailAddress,/xbrli:xbrl/gl-cor:accountingEntries/gl-cor:entryHeader/gl-cor:entryDetail/gl-cor:identifierReference/gl-cor:identifierContactInformationStructure/gl-cor:identifierContactEmail/gl-cor:identifierContactEmailAddress
87,6,A,,Identifier Contact Type,xbrli:stringItemType,0..1,,Identifier Contact Type,gl-cor,,Identifier Contact Information Structure,,,$.Accounting Entries.Entry Information.Entry Detail.Identifier Reference.Identifier Contact Information Structure.Identifier Contact Type,AccntgEntrs_EntryInfrmn_EntryDetl_IdntfrRefrnc_IdntfrContctInfrmnStructr_IdntfrContctType,CVE担当者種別,CVE識別子の担当者の種別,gl-cor:identifierContactType,/xbrli:xbrl/gl-cor:accountingEntries/gl-cor:entryHeader/gl-cor:entryDetail/gl-cor:identifierReference/gl-cor:identifierContactInformationStructure/gl-cor:identifierContactType
88,5,A,,Identifier Active,xbrli:booleanItemType,0..1,,"Boolean to indicate whether the identifier is active (=""true"") or inactive (=""false"")",gl-cor,,Identifier Reference,,,$.Accounting Entries.Entry Information.Entry Detail.Identifier Reference.Identifier Active,AccntgEntrs_EntryInfrmn_EntryDetl_IdntfrRefrnc_IdntfrActv,CVE有効性,CVE識別子が有効か無効かを示すブール値。,gl-cor:identifierActive,/xbrli:xbrl/gl-cor:accountingEntries/gl-cor:entryHeader/gl-cor:entryDetail/gl-cor:identifierReference/gl-cor:identifierActive
89,4,A,,Document Type,xbrli:tokenItemType,0..1,,"An enumerated field describing the original source document, with check, debit-memo, credit-memo, finance-charge, invoice, order-customer, order-vendor, payment-other, reminder, tegata, voucher, shipment, receipt, manual-adjustment, other.",gl-cor,,Entry Detail,,,$.Accounting Entries.Entry Information.Entry Detail.Document Type,AccntgEntrs_EntryInfrmn_EntryDetl_DocmntType,元文書種別,"小切手、借方メモ、貸方メモ、財務費用、顧客への請求書、顧客オーダー、仕入先オーダー、その他支払い、督促状、手形、ベンダからの請求書、出荷票、受領票、手修正、その他の列挙値による、元文書の説明。[設定値のリスト] (check：小切手)、(debit-memo：借方メモ)、(credit-memo：貸方メモ)、(finance-charge：財務費用)、(invoice：顧客への請求書)、(order-customer：顧客オーダ)、(order-vendor：仕入先オーダ)、(payment-other：その他支払い)、(reminder：督促状)、(tegata：手形)、(voucher：ベンダからの請求書)、(shipment：出荷票)、(receipt：受領票)、(manual-adjustment：手修正)、(other：その他)",gl-cor:documentType,/xbrli:xbrl/gl-cor:accountingEntries/gl-cor:entryHeader/gl-cor:entryDetail/gl-cor:documentType
90,4,A,,Document Type Description,xbrli:stringItemType,0..1,,Free format description of the document type,gl-cor,,Entry Detail,,,$.Accounting Entries.Entry Information.Entry Detail.Document Type Description,AccntgEntrs_EntryInfrmn_EntryDetl_DocmntTypeDescrptn,元文書種別説明,元文書の種別の説明。,gl-cor:documentTypeDescription,/xbrli:xbrl/gl-cor:accountingEntries/gl-cor:entryHeader/gl-cor:entryDetail/gl-cor:documentTypeDescription
91,4,A,,Invoice Type,xbrli:tokenItemType,0..1,,"Invoice Type  (self-billed, ePoS enumerated values)",gl-cor,,Entry Detail,,,$.Accounting Entries.Entry Information.Entry Detail.Invoice Type,AccntgEntrs_EntryInfrmn_EntryDetl_InvcType,請求書種別,"請求書の種別。(self-billed、ePoS)
[設定値のリスト]
(ePos：POSシステムからの発行)、(self-billed：手動発行)",gl-cor:invoiceType,/xbrli:xbrl/gl-cor:accountingEntries/gl-cor:entryHeader/gl-cor:entryDetail/gl-cor:invoiceType
92,4,A,,Document Number,xbrli:stringItemType,0..1,,"Invoice, check, voucher, or other source document identifier",gl-cor,,Entry Detail,,,$.Accounting Entries.Entry Information.Entry Detail.Document Number,AccntgEntrs_EntryInfrmn_EntryDetl_DocmntNumbr,元文書番号,請求書、小切手、証憑、その他の元文書の識別子。,gl-cor:documentNumber,/xbrli:xbrl/gl-cor:accountingEntries/gl-cor:entryHeader/gl-cor:entryDetail/gl-cor:documentNumber
93,4,A,,Apply To Number,xbrli:stringItemType,0..1,,"Document number of primary invoice number, used to offset payments, debits and credits; for an invoice, usually the same as the documentNumber. When calculating open balance on an invoice, or open amount on payments in advance or not fully applied, this permits calculation of the open item.",gl-cor,,Entry Detail,,,$.Accounting Entries.Entry Information.Entry Detail.Apply To Number,AccntgEntrs_EntryInfrmn_EntryDetl_ApplyNumbr,適用先番号,"支払、借方、貸方の相殺に使用される、一次請求書の文書番号。請求書では通常documentNumberと等しい。
未決済の請求書残高や、未決済の支払金額の計算時に、利用できる。",gl-cor:documentApplyToNumber,/xbrli:xbrl/gl-cor:accountingEntries/gl-cor:entryHeader/gl-cor:entryDetail/gl-cor:documentApplyToNumber
94,4,A,,Document Reference,xbrli:stringItemType,0..1,,Internal reference for the document above; number assigned internally to track the document,gl-cor,,Entry Detail,,,$.Accounting Entries.Entry Information.Entry Detail.Document Reference,AccntgEntrs_EntryInfrmn_EntryDetl_DocmntRefrnc,元文書参照情報,上の文書のための内部参照情報。文書を追跡するために内部的に割り当てた番号。,gl-cor:documentReference,/xbrli:xbrl/gl-cor:accountingEntries/gl-cor:entryHeader/gl-cor:entryDetail/gl-cor:documentReference
95,4,A,,Document Date,xbrli:dateTimeItemType,0..1,,"Date (and less likely in the paper world but possible in the e-world, time) on actual document (invoice, voucher, check date). Other dates control posting information.",gl-cor,,Entry Detail,,,$.Accounting Entries.Entry Information.Entry Detail.Document Date,AccntgEntrs_EntryInfrmn_EntryDetl_DocmntDat,元文書日付,実際の文書（請求書、証憑、小切手）の日付（および、紙の世界ではありそうにないが、電子的には時刻）。 転記の情報は別の日付で管理する。,gl-cor:documentDate,/xbrli:xbrl/gl-cor:accountingEntries/gl-cor:entryHeader/gl-cor:entryDetail/gl-cor:documentDate
96,4,A,,Posting Status,xbrli:tokenItemType,0..1,,"deferred: although entered, it cannot be posted until a later time
posted: already posted
proposed: a proposed item that must be approved
simulated: a simulated item, for what-if
tax: a tax-specific entry
unposted:entered but not yet posted or validated
cancelled:entered and later cancelled
other:other status - should be described in postingStatusDescription",gl-cor,,Entry Detail,,,$.Accounting Entries.Entry Information.Entry Detail.Posting Status,AccntgEntrs_EntryInfrmn_EntryDetl_PostngStats,転記状態,"・据置：入力されたが、まだ転記できない。
・転記済：転記済み。
・提案済：検証が必要な項目。
・シミュレーション：仮定のためにシミュレートされた項目。
・税：税項目。
・未転記：入力されたが、まだ検証も転記もされていない。
・取消済：入力されたが、取り消された。
・その他：その他の状態。postingStatusDescriptionで説明されるべき。
[設定値のリスト]
(deferred：据置)、(posted：転記済)、(proposed：提案済)、(simulated：シミュレーション)、(tax：税)、(unposted：未転記)、(cancelled：取消済)、(other：その他)",gl-cor:postingStatus,/xbrli:xbrl/gl-cor:accountingEntries/gl-cor:entryHeader/gl-cor:entryDetail/gl-cor:postingStatus
97,4,A,,Posting Status Description,xbrli:stringItemType,0..1,,Free format description of the posting status,gl-cor,,Entry Detail,,,$.Accounting Entries.Entry Information.Entry Detail.Posting Status Description,AccntgEntrs_EntryInfrmn_EntryDetl_PostngStatsDescrptn,転記状態説明,転記状態の説明。,gl-cor:postingStatusDescription,/xbrli:xbrl/gl-cor:accountingEntries/gl-cor:entryHeader/gl-cor:entryDetail/gl-cor:postingStatusDescription
98,4,C,,XBRL Information,,0..*,,This will roll up to XBRL reporting information - this is a parent - repeatable so that the same item can be reported through many taxonomies. Care should be taken to consider what happens if people post to the same account but different XBRL elements.,gl-cor,,XBRL Information,,,$.Accounting Entries.Entry Information.Entry Detail.XBRL Information,AccntgEntrs_EntryInfrmn_EntryDetl_XbrlInfrmn,【XBRL情報】,XBRLレポート情報へのロールアップ情報。親タグであり、同じ項目が複数のタクソノミを通じて報告されうるように繰り返し可能。同一の勘定科目を異なるXBRL要素に転記した場合にどうなるか、注意深く考慮すべきである。,gl-cor:xbrlInfo,/xbrli:xbrl/gl-cor:accountingEntries/gl-cor:entryHeader/gl-cor:entryDetail/gl-cor:xbrlInfo
99,5,A,,XBRL Allocation,xbrli:tokenItemType,0..1,,"Indicates that the information being given is beginning_balance, ending_balance, period_change.",gl-cor,,XBRL Information,,,$.Accounting Entries.Entry Information.Entry Detail.XBRL Information.XBRL Allocation,AccntgEntrs_EntryInfrmn_EntryDetl_XbrlInfrmn_XbrlAllctn,XBRL割当,"与えられた情報が、期首残高、期末残高、期中増減のいずれであるかを示す。
[設定値のリスト]
(beginning_balance：期首残高)、(ending_balance：期末残高)、(period_change：期中増減)",gl-cor:xbrlInclude,/xbrli:xbrl/gl-cor:accountingEntries/gl-cor:entryHeader/gl-cor:entryDetail/gl-cor:xbrlInfo/gl-cor:xbrlInclude
100,5,A,,Summary Reporting Element,xbrli:QNameItemType,0..1,,Associated XBRL element or XML element within an XML taxonomy - mapping to an XBRL concept.,gl-cor,,XBRL Information,,,$.Accounting Entries.Entry Information.Entry Detail.XBRL Information.Summary Reporting Element,AccntgEntrs_EntryInfrmn_EntryDetl_XbrlInfrmn_SummryReprtngElmnt,集約報告エレメント,関係付けられた、XMLタクソノミ中のXBRL要素または、XML要素。XBRLコンセプトへのマッピング。,gl-cor:summaryReportingElement,/xbrli:xbrl/gl-cor:accountingEntries/gl-cor:entryHeader/gl-cor:entryDetail/gl-cor:xbrlInfo/gl-cor:summaryReportingElement
101,5,A,,Detail Matching Element,xbrli:QNameItemType,0..1,,Associated XBRL element in XBRL-GL instance.,gl-cor,,XBRL Information,,,$.Accounting Entries.Entry Information.Entry Detail.XBRL Information.Detail Matching Element,AccntgEntrs_EntryInfrmn_EntryDetl_XbrlInfrmn_DetlMatchngElmnt,明細対応エレメント,関係付けられた、XBRL-GLインスタンス中のXBRL要素。,gl-cor:detailMatchingElement,/xbrli:xbrl/gl-cor:accountingEntries/gl-cor:entryHeader/gl-cor:entryDetail/gl-cor:xbrlInfo/gl-cor:detailMatchingElement
102,4,A,,Description,xbrli:stringItemType,0..1,,Description of this line of detail only,gl-cor,,Entry Detail,,,$.Accounting Entries.Entry Information.Entry Detail.Description,AccntgEntrs_EntryInfrmn_EntryDetl_Descrptn,説明,この明細行のみに対する説明。,gl-cor:detailComment,/xbrli:xbrl/gl-cor:accountingEntries/gl-cor:entryHeader/gl-cor:entryDetail/gl-cor:detailComment
103,4,A,,Acknowledgement Date,xbrli:dateTimeItemType,0..1,,Date of acknowledgement of goods/services shipped/received.,gl-cor,,Entry Detail,,,$.Accounting Entries.Entry Information.Entry Detail.Acknowledgement Date,AccntgEntrs_EntryInfrmn_EntryDetl_AcknwtDat,承認日付,出荷/受領済みの物品/サービスを承認した日付。,gl-cor:dateAcknowledged,/xbrli:xbrl/gl-cor:accountingEntries/gl-cor:entryHeader/gl-cor:entryDetail/gl-cor:dateAcknowledged
104,4,A,,Confirmation Date,xbrli:dateTimeItemType,0..1,,Date of confirmation of shipment/receipt.,gl-cor,,Entry Detail,,,$.Accounting Entries.Entry Information.Entry Detail.Confirmation Date,AccntgEntrs_EntryInfrmn_EntryDetl_ConfrmtnDat,確認日付,出荷/受領を確認した日付。,gl-cor:confirmedDate,/xbrli:xbrl/gl-cor:accountingEntries/gl-cor:entryHeader/gl-cor:entryDetail/gl-cor:confirmedDate
105,4,A,,Ship From,xbrli:stringItemType,0..1,,References organizationAddressLocationIdentifier where used. Otherwise freeform.,gl-cor,,Entry Detail,,,$.Accounting Entries.Entry Information.Entry Detail.Ship From,AccntgEntrs_EntryInfrmn_EntryDetl_Ship,出荷元,organizationAddressLocationIdentifierの参照情報。または自由記述。,gl-cor:shipFrom,/xbrli:xbrl/gl-cor:accountingEntries/gl-cor:entryHeader/gl-cor:entryDetail/gl-cor:shipFrom
106,4,A,,Date Shipped/Received,xbrli:dateTimeItemType,0..1,,Date goods/services are shipped/received.,gl-cor,,Entry Detail,,,$.Accounting Entries.Entry Information.Entry Detail.Date Shipped/Received,AccntgEntrs_EntryInfrmn_EntryDetl_DatShippdrcvd,出荷/受領日付,物品/サービスを出荷/受領した日付。,gl-cor:shipReceivedDate,/xbrli:xbrl/gl-cor:accountingEntries/gl-cor:entryHeader/gl-cor:entryDetail/gl-cor:shipReceivedDate
107,4,A,,Maturity Date or Date Due,xbrli:dateTimeItemType,0..1,,Due date or other maturity date.,gl-cor,,Entry Detail,,,$.Accounting Entries.Entry Information.Entry Detail.Maturity Date or Date Due,AccntgEntrs_EntryInfrmn_EntryDetl_MatrtyDatOrDatDue,支払期日,支払期日やその他の期日。,gl-cor:maturityDate,/xbrli:xbrl/gl-cor:accountingEntries/gl-cor:entryHeader/gl-cor:entryDetail/gl-cor:maturityDate
108,4,A,,Payment Terms,xbrli:stringItemType,0..1,,Discount/payment terms.,gl-cor,,Entry Detail,,,$.Accounting Entries.Entry Information.Entry Detail.Payment Terms,AccntgEntrs_EntryInfrmn_EntryDetl_PaymntTerms,支払条件,割引/支払い条件。,gl-cor:terms,/xbrli:xbrl/gl-cor:accountingEntries/gl-cor:entryHeader/gl-cor:entryDetail/gl-cor:terms
109,4,C,,Tax Information,,0..*,,Tuple for holding tax related information,gl-cor,,Tax Information,,,$.Accounting Entries.Entry Information.Entry Detail.Tax Information,AccntgEntrs_EntryInfrmn_EntryDetl_TaxInfrmn,【税情報】,税関連の情報のタプル。,gl-cor:taxes,/xbrli:xbrl/gl-cor:accountingEntries/gl-cor:entryHeader/gl-cor:entryDetail/gl-cor:taxes
110,5,A,,Tax Authority,xbrli:stringItemType,0..1,,Name of the relevant tax authority,gl-cor,,Tax Information,,,$.Accounting Entries.Entry Information.Entry Detail.Tax Information.Tax Authority,AccntgEntrs_EntryInfrmn_EntryDetl_TaxInfrmn_TaxAthrty,課税庁,関係する課税庁の名前。,gl-cor:taxAuthority,/xbrli:xbrl/gl-cor:accountingEntries/gl-cor:entryHeader/gl-cor:entryDetail/gl-cor:taxes/gl-cor:taxAuthority
111,5,A,,Tax Table Code,xbrli:stringItemType,0..1,,Tax table code used by the relevant tax authority,gl-cor,,Tax Information,,,$.Accounting Entries.Entry Information.Entry Detail.Tax Information.Tax Table Code,AccntgEntrs_EntryInfrmn_EntryDetl_TaxInfrmn_TaxTablCod,税率表コード,関係する課税庁で使用される税率表のコード。,gl-cor:taxTableCode,/xbrli:xbrl/gl-cor:accountingEntries/gl-cor:entryHeader/gl-cor:entryDetail/gl-cor:taxes/gl-cor:taxTableCode
112,5,A,,Tax Description,xbrli:stringItemType,0..1,,Description of tax authority,gl-cor,,Tax Information,,,$.Accounting Entries.Entry Information.Entry Detail.Tax Information.Tax Description,AccntgEntrs_EntryInfrmn_EntryDetl_TaxInfrmn_TaxDescrptn,課税庁説明,課税庁の説明。,gl-cor:taxDescription,/xbrli:xbrl/gl-cor:accountingEntries/gl-cor:entryHeader/gl-cor:entryDetail/gl-cor:taxes/gl-cor:taxDescription
113,5,A,,Amount of Taxes,xbrli:monetaryItemType,0..1,,Amount of taxes,gl-cor,,Tax Information,,,$.Accounting Entries.Entry Information.Entry Detail.Tax Information.Amount of Taxes,AccntgEntrs_EntryInfrmn_EntryDetl_TaxInfrmn_AmntTaxs,税額,税額。,gl-cor:taxAmount,/xbrli:xbrl/gl-cor:accountingEntries/gl-cor:entryHeader/gl-cor:entryDetail/gl-cor:taxes/gl-cor:taxAmount
114,5,A,,Basis for Taxation,xbrli:monetaryItemType,0..1,,Basis for taxation,gl-cor,,Tax Information,,,$.Accounting Entries.Entry Information.Entry Detail.Tax Information.Basis for Taxation,AccntgEntrs_EntryInfrmn_EntryDetl_TaxInfrmn_BassTaxtn,課税基準,課税基準。,gl-cor:taxBasis,/xbrli:xbrl/gl-cor:accountingEntries/gl-cor:entryHeader/gl-cor:entryDetail/gl-cor:taxes/gl-cor:taxBasis
115,5,A,,[DEPRECATED. taxExchangeRate should be used one in gl-muc pallette] Exchange Rate for Tax,xbrli:pureItemType,0..1,,[DEPRECATED. taxExchangeRate should be used one in gl-muc pallette] Amount for foreign currency tracking in original currency,gl-cor,,Tax Information,,,$.Accounting Entries.Entry Information.Entry Detail.Tax Information.[DEPRECATED. taxExchangeRate should be used one in gl-muc pallette] Exchange Rate for Tax,AccntgEntrs_EntryInfrmn_EntryDetl_TaxInfrmn_DeprctdTaxxchngrtSholdBeUsdOneGlmucPallttExchngRatTax,[非推奨] 税額換算用レート,[非推奨 gl-mucで定義されているtaxExchangeRateを使用すべき] 原取引通貨に外貨を適用するための値。,gl-cor:taxExchangeRate,/xbrli:xbrl/gl-cor:accountingEntries/gl-cor:entryHeader/gl-cor:entryDetail/gl-cor:taxes/gl-cor:taxExchangeRate
116,5,A,,Tax Percentage Rate,xbrli:pureItemType,0..1,,Percent rate for VAT or other taxes normally a number between 0 and 1.0 - e.g. 50% is represented as 0.5,gl-cor,,Tax Information,,,$.Accounting Entries.Entry Information.Entry Detail.Tax Information.Tax Percentage Rate,AccntgEntrs_EntryInfrmn_EntryDetl_TaxInfrmn_TaxPercntgRat,税率,"VAT(物品税)またはその他の税のパーセント比率。
0から1.0の間の値。たとえば50%は0.5とあらわす。",gl-cor:taxPercentageRate,/xbrli:xbrl/gl-cor:accountingEntries/gl-cor:entryHeader/gl-cor:entryDetail/gl-cor:taxes/gl-cor:taxPercentageRate
117,5,A,,Tax Category,xbrli:stringItemType,0..1,,A class or category of taxes,gl-cor,,Tax Information,,,$.Accounting Entries.Entry Information.Entry Detail.Tax Information.Tax Category,AccntgEntrs_EntryInfrmn_EntryDetl_TaxInfrmn_TaxCatgry,税区分,税のクラス又はカテゴリ。,gl-cor:taxCode,/xbrli:xbrl/gl-cor:accountingEntries/gl-cor:entryHeader/gl-cor:entryDetail/gl-cor:taxes/gl-cor:taxCode
118,5,A,,Tax Comment/Exemption Reason,xbrli:stringItemType,0..1,,Additional text/code for exemption reasons or other comments.,gl-cor,,Tax Information,,,$.Accounting Entries.Entry Information.Entry Detail.Tax Information.Tax Comment/Exemption Reason,AccntgEntrs_EntryInfrmn_EntryDetl_TaxInfrmn_TaxCommntxmptnResn,税コメント/免税理由,免税理由やその他のコメントのための、追加の文またはコード。,gl-cor:taxCommentExemption,/xbrli:xbrl/gl-cor:accountingEntries/gl-cor:entryHeader/gl-cor:entryDetail/gl-cor:taxes/gl-cor:taxCommentExemption
119,4,A,,Ticking Field,xbrli:booleanItemType,0..1,,"Signifies that an item has been cleared, finished, finalized. When checking accounts are called for, the tick or letter showing this was done appears in this field. Can also be used for identifying that the
original document against which a payment or DR/CR memo applies has been reconciled.",gl-taf,,Entry Detail,,,$.Accounting Entries.Entry Information.Entry Detail.Ticking Field,AccntgEntrs_EntryInfrmn_EntryDetl_TickngFild,チェック欄,項目が消去または完了されたことを示す。勘定のチェックが要求される場合、処理済を示すチェックマークまたは文字が指定される。支払またはDR/CRのメモに対する元文書が、消し込まれたことを確認するためにも使用可能。,gl-taf:tickingField,/xbrli:xbrl/gl-cor:accountingEntries/gl-cor:entryHeader/gl-cor:entryDetail/gl-taf:tickingField
120,4,A,,Document Remaining Balance,xbrli:monetaryItemType,0..1,,Balance remaining on the document,gl-taf,,Entry Detail,,,$.Accounting Entries.Entry Information.Entry Detail.Document Remaining Balance,AccntgEntrs_EntryInfrmn_EntryDetl_DocmntRemnngBalnc,文書上残高,文書上の残高。,gl-taf:documentRemainingBalance,/xbrli:xbrl/gl-cor:accountingEntries/gl-cor:entryHeader/gl-cor:entryDetail/gl-taf:documentRemainingBalance
121,4,A,,UCR,xbrli:stringItemType,0..1,,"Unique Consignment Reference or UCR. An ""origin to destination"" reference code for international consignments, developed in cooperation with the World Customs Organization and EAN International (EAN). (http://www.wcoomd.org/ie/EN/press/UCR_new_e.pdf)",gl-taf,,Entry Detail,,,$.Accounting Entries.Entry Information.Entry Detail.UCR,AccntgEntrs_EntryInfrmn_EntryDetl_Ucr,UCRコード,"Unique Consignment ReferenceまたはUCR。国際委託販売のための""origin to destination""参照コード。World Customs OrganizationとEAN International (EAN)が共同で開発している。
(http://www.wcoomd.org/ie/EN/press/UCR_new_e.pdf)",gl-taf:uniqueConsignmentReference,/xbrli:xbrl/gl-cor:accountingEntries/gl-cor:entryHeader/gl-cor:entryDetail/gl-taf:uniqueConsignmentReference
122,4,C,,Originating Document  - Heading,,0..*,,"A tool to capture the flow of related documents in the business process. Some needs of end users require a greater history of the documents that are associated with a transaction, especially in the VAT audit area. Contains a repetitive structure of related documents.",gl-taf,,Originating Document  - Heading,,,$.Accounting Entries.Entry Information.Entry Detail.Originating Document  - Heading,AccntgEntrs_EntryInfrmn_EntryDetl_OrgntgDocmntHedng,【発生元文書情報】,業務プロセス上の、関連文書の流れを捕捉するためのもの。特にVAT監査では、エンドユーザの要求として、取引に関係する文書の履歴が必要とされる。関連文書情報の構造の繰り返しを含む。,gl-taf:originatingDocumentStructure,/xbrli:xbrl/gl-cor:accountingEntries/gl-cor:entryHeader/gl-cor:entryDetail/gl-taf:originatingDocumentStructure
123,5,A,,Originating Document Type,xbrli:tokenItemType,0..1,,"Originating document type  check, debit-memo, credit-memo, finance-charge, invoice, order-customer, order-vendor, payment-other, reminder, tegata, voucher, shipment, receipt, manual-adjustment, other.",gl-taf,,Originating Document  - Heading,,,$.Accounting Entries.Entry Information.Entry Detail.Originating Document  - Heading.Originating Document Type,AccntgEntrs_EntryInfrmn_EntryDetl_OrgntgDocmntHedng_OrgntgDocmntType,発生元文書種別,発生元文書の種別。小切手(check)、借方メモ(debit-memo)、貸方メモ(credit-memo)、財務費用(finance-charge)、顧客への請求書(invoice)、顧客オーダ(order-customer)、仕入先オーダ(order-vendor)、その他支払い(payment-other)、督促状(reminder)、手形(tegata)、ベンダからの請求書(voucher)、出荷票(shipment)、受領票(receipt)、手修正(manual-adjustment)、その他(other),gl-taf:originatingDocumentType,/xbrli:xbrl/gl-cor:accountingEntries/gl-cor:entryHeader/gl-cor:entryDetail/gl-taf:originatingDocumentStructure/gl-taf:originatingDocumentType
124,5,A,,Originating Document Number,xbrli:stringItemType,0..1,,Originating document number,gl-taf,,Originating Document  - Heading,,,$.Accounting Entries.Entry Information.Entry Detail.Originating Document  - Heading.Originating Document Number,AccntgEntrs_EntryInfrmn_EntryDetl_OrgntgDocmntHedng_OrgntgDocmntNumbr,発生元文書番号,発生元文書の番号。,gl-taf:originatingDocumentNumber,/xbrli:xbrl/gl-cor:accountingEntries/gl-cor:entryHeader/gl-cor:entryDetail/gl-taf:originatingDocumentStructure/gl-taf:originatingDocumentNumber
125,5,A,,Originating Document Date,xbrli:dateItemType,0..1,,Originating document date,gl-taf,,Originating Document  - Heading,,,$.Accounting Entries.Entry Information.Entry Detail.Originating Document  - Heading.Originating Document Date,AccntgEntrs_EntryInfrmn_EntryDetl_OrgntgDocmntHedng_OrgntgDocmntDat,発生元文書日付,発生元文書の日付。,gl-taf:originatingDocumentDate,/xbrli:xbrl/gl-cor:accountingEntries/gl-cor:entryHeader/gl-cor:entryDetail/gl-taf:originatingDocumentStructure/gl-taf:originatingDocumentDate
126,5,A,,Originating Document Identifier Type,xbrli:tokenItemType,0..1,,"Originating document identifier type. Enumerated as: C, customer, E, employee, V, vendor, O, other, I, salesperson-internal, X, salesperson-external, N, contractor.",gl-taf,,Originating Document  - Heading,,,$.Accounting Entries.Entry Information.Entry Detail.Originating Document  - Heading.Originating Document Identifier Type,AccntgEntrs_EntryInfrmn_EntryDetl_OrgntgDocmntHedng_OrgntgDocmntIdntfrType,発生元文書対象CVE種別,"発生元文書の対象となるCVEの種別。 [設定値のリスト] (C)、(customer：顧客)、(E)、(employee：従業員)、(V)、(vendor：仕入先)、(O)、(other：その他)、(I)、(salesperson-internal：店舗内販売員)、(X)、(salesperson-external：外交販売員)、(N)、(contractor：請負者)",gl-taf:originatingDocumentIdentifierType,/xbrli:xbrl/gl-cor:accountingEntries/gl-cor:entryHeader/gl-cor:entryDetail/gl-taf:originatingDocumentStructure/gl-taf:originatingDocumentIdentifierType
127,5,A,,Originating Document Identifier Code,xbrli:stringItemType,0..1,,Originating document identifier code,gl-taf,,Originating Document  - Heading,,,$.Accounting Entries.Entry Information.Entry Detail.Originating Document  - Heading.Originating Document Identifier Code,AccntgEntrs_EntryInfrmn_EntryDetl_OrgntgDocmntHedng_OrgntgDocmntIdntfrCod,発生元文書対象CVEコード,発生元文書の対象となるCVEのコード。,gl-taf:originatingDocumentIdentifierCode,/xbrli:xbrl/gl-cor:accountingEntries/gl-cor:entryHeader/gl-cor:entryDetail/gl-taf:originatingDocumentStructure/gl-taf:originatingDocumentIdentifierCode
128,5,A,,Originating Document Identifier Tax Code,xbrli:stringItemType,0..1,,Originating document identifier tax code,gl-taf,,Originating Document  - Heading,,,$.Accounting Entries.Entry Information.Entry Detail.Originating Document  - Heading.Originating Document Identifier Tax Code,AccntgEntrs_EntryInfrmn_EntryDetl_OrgntgDocmntHedng_OrgntgDocmntIdntfrTaxCod,発生元文書対象CVE納税者コード,発生元文書の対象となるCVEの納税者コード。,gl-taf:originatingDocumentIdentifierTaxCode,/xbrli:xbrl/gl-cor:accountingEntries/gl-cor:entryHeader/gl-cor:entryDetail/gl-taf:originatingDocumentStructure/gl-taf:originatingDocumentIdentifierTaxCode
